{"conference": "ICLR 2017 conference submission", "title": "Shift Aggregate Extract Networks", "abstract": "The Shift Aggregate Extract Network SAEN is an architecture for learning representations on social network data. SAEN decomposes input graphs into hierarchies made of multiple strata of objects. Vector representations of each object are learnt by applying 'shift', 'aggregate' and 'extract' operations on the vector representations of its parts. We propose an algorithm for domain compression which takes advantage of symmetries in hierarchical decompositions to reduce the memory usage and obtain significant speedups. Our method is empirically evaluated on real world social network datasets, outperforming the current state of the art.", "reviews": [{"is_meta_review": true, "comments": "Some of the key details in this paper are very poorly explained or not even explained at all. The model sounds interesting and there may be something good here, but it should not be published in it's current form. \n\nSpecific comments:\n\nThe description of the R_l,pi convolutions in Section 2.1 was unclear. Specifically, I wasn't confident that I understood what the labels pi represented.\n\nThe description of the SAEN structure in section 2.2 was worded poorly. My understanding, based on Equation 1, is that the 'shift' operation is simply a summation of the representations of the member objects, and that the 'aggregate' operation simply concatenates the representations from multiple relations.  In the 'shift' step, it seems more appropriate to average over the object's member's representations h_j, rather than sum over them.\n\nThe compression technique presented in Section 2.3 requires that multiple objects at a level have the same representation. Why would this ever occur, given that the representations are real valued and high-dimensional? The text is unintelligible: \"two objects are equivalent if they are made by same sets of parts for all the pi-parameterizations of the R_l,pi decomposition relation.\" \n\nThe 'ego graph patterns' in Figure 1 and 'Ego Graph  Neural Network' used in the experiments are never explained in the text, and no references are given. Because of this, I cannot comment on the quality of the experiments.", "IS_META_REVIEW": true}, {"TITLE": "ICLR committee final decision", "OTHER_KEYS": "ICLR 2017 pcs", "comments": "The authors present a novel architecture, called Shift Aggregate Extract Network (SAEN), for learning representations on social network data. SAEN decomposes input graphs into hierarchies made of multiple strata of objects. The proposed approach gives very promising experimental results on several real-world social network datasets. \n \n The idea is novel and interesting. However, the exposition of the framework and the approach could be significantly improved. The authors clearly made an effort to revise the paper and improve the clarity. Yet, the paper would still certainly benefit from a major revision, to clarify the exposition and spell out all the details of the framework. \n \n A extensive use of the space in the supplement could potentially help overcoming the space limitation in the main part of the paper which can make exposition of new frameworks challenging in general. This would allow an extensive explanation of the proposed framework and related concepts. \n \n A major revision of the paper will generate a stronger submission, which we invite the authors to submit to the workshop track.", "IS_META_REVIEW": false, "DATE": "06 Feb 2017", "is_meta_review": false}, {"OTHER_KEYS": "ICLR 2017 conference AnonReviewer1", "TITLE": "Poor performance on bioinformatics dataset?", "is_meta_review": false, "comments": "the paper proposed a method mainly for graph classification. The proposal is to decompose graphs objects into hierarchies of small graphs followed by generating vector embeddings and aggregation using deep networks. \nThe approach is reasonable and intuitive however, experiments do not show superiority of their approach. \n\nThe proposed method outperforms Yanardag et al. 2015 and Niepert et al., 2016 on social networks graphs but are quite inferior to Niepert et al., 2016 on bio-informatics datasets. the authors did not report acccuracy for Yanardag et al. 2015 which on similar bio-ddatasets for example NCI1 is 80%, significantly better than achieved by the proposed method. The authors claim that their method is tailored for social networks graph more is not supported by good arguments? what models of graphs is this method more suitable?  ", "IS_META_REVIEW": false, "RECOMMENDATION": 5, "DATE": "30 Dec 2016", "REVIEWER_CONFIDENCE": 3}, {"TITLE": "We provide a summary of the changes that we made after the reviewers' feedback.", "OTHER_KEYS": "Francesco Orsini", "comments": "A) we rewrote section 2:\n    A1) we generally improved the wording,\n    A2) we added a figure in order to exemplify H-hierarchical decompositions,\n    A3) we improved the explanation of the \\pi labels (now called \"membership types\"),\n    A4) we rewrote and clarified the assumptions under which domain compression works,\n    A5) we added a footnote with the definition of r-neighborhood subgraphs/ego-graphs,\n    A6) we introduced the term 'collapsibility' for the equivalence relation between objects in the same stratum.\n\nB) We added (in section 4) the details about the network architecture and how the classification is performed.\n\nC) We added an appendix with the number of layers and hidden units that we used in our experiments.", "IS_META_REVIEW": false, "DATE": "28 Dec 2016", "is_meta_review": false}, {"OTHER_KEYS": "ICLR 2017 conference AnonReviewer2", "TITLE": "Interesting approach, confusing presentation.", "is_meta_review": false, "comments": "The paper contributes to recent work investigating how neural networks can be used on graph-structured data. As far as I can tell, the proposed approach is the following:\n\n  1. Construct a hierarchical set of \"objects\" within the graph. Each object consists of multiple \"parts\" from the set of objects in the level below. There are potentially different ways a part can be part of an object (the different \\pi labels), which I would maybe call \"membership types\". In the experiments, the objects at the bottom level are vertices. At the next level they are radius 0 (just a vertex?) and radius 1 neighborhoods around each vertex, and the membership types here are either \"root\", or \"element\" (depending on whether a vertex is the center of the neighborhood or a neighbor). At the top level there is one object consisting of all of these neighborhoods, with membership types of \"radius 0 neighborhood\" (isn't this still just a vertex?) or \"radius 1 neighborhood\".\n\n  2. Every object has a representation. Each vertex's representation is a one-hot encoding of its degree. To construct an object's representation at the next level, the following scheme is employed:\n\n    a. For each object, sum the representation of all of its parts having the same membership type.\n    b. Concatenate the sums obtained from different membership types.\n    c. Pass this vector through a multi-layer neural net.\n\nI've provided this summary mainly because the description in the paper itself is somewhat hard to follow, and relevant details are scattered throughout the text, so I'd like to verify that my understanding is correct.\n\nSome additional questions I have that weren't clear from the text: how many layers and hidden units were used? What are the dimensionalities of the representations used at each layer? How is final classification performed? What is the motivation for the chosen \"ego-graph\" representation? \n\nThe proposed approach is interesting and novel, the compression technique appears effective, and the results seem compelling. However, the clarity and structure of the writing is quite poor. It took me a while to figure out what was going on---the initial description is provided without any illustrative examples, and it required jumping around the paper to figure for example how the \\pi labels are actually used. Important details around network architecture aren't provided, and very little in the way of motivation is given for many of the choices made. Were other choices of decomposition/object-part structures investigated, given the generality of the shift-aggregate-extract formulation? What motivated the choice of \"ego-graphs\"? Why one-hot degrees for the initial attributes?\n\nOverall, I think the paper contains a useful contribution on a technical level, but the presentation needs to be significantly cleaned up before I can recommend acceptance.", "IS_META_REVIEW": false, "RECOMMENDATION": 5, "DATE": "19 Dec 2016", "REVIEWER_CONFIDENCE": 3}, {"OTHER_KEYS": "ICLR 2017 conference AnonReviewer3", "TITLE": "Might be something good here, but key details are missing.", "is_meta_review": false, "comments": "Some of the key details in this paper are very poorly explained or not even explained at all. The model sounds interesting and there may be something good here, but it should not be published in it's current form. \n\nSpecific comments:\n\nThe description of the R_l,pi convolutions in Section 2.1 was unclear. Specifically, I wasn't confident that I understood what the labels pi represented.\n\nThe description of the SAEN structure in section 2.2 was worded poorly. My understanding, based on Equation 1, is that the 'shift' operation is simply a summation of the representations of the member objects, and that the 'aggregate' operation simply concatenates the representations from multiple relations.  In the 'shift' step, it seems more appropriate to average over the object's member's representations h_j, rather than sum over them.\n\nThe compression technique presented in Section 2.3 requires that multiple objects at a level have the same representation. Why would this ever occur, given that the representations are real valued and high-dimensional? The text is unintelligible: \"two objects are equivalent if they are made by same sets of parts for all the pi-parameterizations of the R_l,pi decomposition relation.\" \n\nThe 'ego graph patterns' in Figure 1 and 'Ego Graph  Neural Network' used in the experiments are never explained in the text, and no references are given. Because of this, I cannot comment on the quality of the experiments.", "IS_META_REVIEW": false, "RECOMMENDATION": 3, "DATE": "16 Dec 2016", "REVIEWER_CONFIDENCE": 2}, {"TITLE": "Question", "OTHER_KEYS": "ICLR 2017 conference AnonReviewer2", "comments": "", "IS_META_REVIEW": false, "DATE": "03 Dec 2016", "is_meta_review": false}], "SCORE": 3, "authors": "Francesco Orsini, Daniele Baracchi, Paolo Frasconi", "KEYWORDS": "Shift Aggregate Extract Networks for learning on social network data", "accepted": false, "id": ""}
