{"conference": "ICLR 2017 conference submission", "title": "Convolutional Neural Networks Generalization Utilizing the Data Graph Structure", "abstract": "Convolutional Neural Networks have proved to be very efficient in image and audio processing. Their success is mostly attributed to the convolutions which utilize the geometric properties of a low - dimensional grid structure. This paper suggests a generalization of CNNs to graph-structured data with varying graph structure, that can be applied to standard regression or classification problems by learning the graph structure of the data. We propose a novel convolution framework approach on graphs which utilizes a random walk to select relevant nodes. The convolution shares weights on all features, providing the desired parameter efficiency.  Furthermore, the additional computations in the training process are only executed once in the pre-processing step.  We empirically demonstrate the performance of the proposed CNN on MNIST data set, and challenge the state-of-the-art on Merck molecular activity data set.", "reviews": [{"is_meta_review": true, "comments": "This work proposes a convolutional architecture for any graph-like input data (where the structure is example-dependent), or more generally, any data where the input dimensions that are related by a similarity matrix. If instead each input example is associated with a transition matrix, then a random walk algorithm is used generate a similarity matrix.\n\nDeveloping convolutional or recurrent architectures for graph-like data is an important problem because we would like to develop neural networks that can handle inputs such as molecule structures or social networks. However, I don't think this work contributes anything significant to the work that has already been done in this area. \n\nThe two main proposals I see in this paper are:\n1) For data associated with a transition matrix, this paper proposes that the transition matrix be converted to a similarity matrix. This seems obvious.\n2) For data associated with a similarity matrix, the k nearest neighbors of each node are computed and supply the context information for that node. This also seems obvious.\n\nPerhaps I have misunderstood the contribution, but the presentation also lacks clarity, and I cannot recommend this paper for publication. \n\nSpecific Comments:\n1) On page 4: \"An interesting attribute of this convolution, as compared to other convolutions on graphs is that, it preserves locality while still being applicable over different graphs with different structures.\"  This is false; the other proposed architectures can be applied to inputs with different structures (e.g. Duvenaud et. al., Lusci et. al. for NN architectures on molecules specifically).", "IS_META_REVIEW": true}, {"TITLE": "ICLR committee final decision", "OTHER_KEYS": "ICLR 2017 pcs", "comments": "This work studies the problem of generalizing a convolutional neural network to data lacking grid-structure. \n \n The authors consider the Random Walk Normalized Laplacian and its finite powers to define a convolutional layer in a general graph. Experiments in Merck molecular discovery and mnist are reported. \n \n The reviewers all agreed that this paper, while presenting an interesting and important problem, lacks novelty relative to existing approaches. In particular, the AC would like to point out that important references seem to be missing from the current version. \n \n The proposed approach is closely related to 'Convolutional neural networks on graphs with fast localized spectral filtering', Defferrand et al. NIPS'16 , which considers Chevyshev polynomials of the Laplacian and learns the polynomial coefficients in an efficient manner. Since the Laplacian and the Random Walk Normalized Laplacian are similar operators (have same eigenvectors), the resulting model is essentially equivalent. Another related model that precedes all the cited works and is deeply related to the current submission is the Graph Neural Network from Scarselli et al.; see 'Geometric Deep Learning: going beyond Euclidean Data', Bronstein et al, ", "IS_META_REVIEW": false, "DATE": "06 Feb 2017", "is_meta_review": false}, {"TITLE": "Modifies the way neighbors are computed for Graph-convolutional networks, but doesn't show that this modification is an improvement..", "OTHER_KEYS": "ICLR 2017 conference AnonReviewer3", "comments": "Previous literature uses data-derived adjacency matrix A to obtain neighbors to use as foundation of graph convolution. They propose extending the set of neighbors by additionally including nodes reachable by i<=k steps in this graph. This introduces an extra tunable parameter k, so it needs some justification over the previous k=1 solution. In one experiment provided\u00a0(Merk), using k=1 worked better. They don't specify which k that used, just that it was big enough for their to be p=5 nodes obtained as neighbors. In the second experiment (MNIST), they used k=1 for their experiments, which is what previous work (Coats & Ng 2011) proposed as well. A compelling experiment would compare to k=1 and show that using k>1 gives improvement strong enough to justify an extra hyper-parameter.", "IS_META_REVIEW": false, "RECOMMENDATION": 3, "DATE": "19 Dec 2016", "is_meta_review": false}, {"OTHER_KEYS": "ICLR 2017 conference AnonReviewer1", "TITLE": "Final review.", "is_meta_review": false, "comments": "Update: I thank the authors for their comments! After reading them, I decided to increase the rating.\n\nThis paper proposes a variant of the convolution operation suitable for a broad class of graph structures. For each node in the graph, a set of neighbours is devised by means of random walk (the neighbours are ordered by the expected number of visits). As a result, the graph is transformed into a feature matrix resembling MATLAB\u2019s/Caffe\u2019s im2col output. The convolution itself becomes a matrix multiplication. \n\nAlthough the proposed convolution variant seems reasonable, I\u2019m not convinced by the empirical evaluation. The MNIST experiment looks especially suspicious. I don\u2019t think that this dataset is appropriate for the demonstration purposes in this case. In order to make their method applicable to the data, the authors remove important structural information (relative locations of pixels) thus artificially increasing the difficulty of the task. At the same time, they are comparing their approach with regular CNNs and conclude that the former performs poorly (and does not even reach an acceptable accuracy for the particular dataset).\n\nI guess, to justify the presence of MNIST (or similar datasets) in the experimental section, the authors should modify their method to incorporate additional graph structure (e.g. relative locations of nodes) in cases when the relation between nodes cannot be fully described by a similarity matrix.\n\nI believe, in its current form, the paper is not yet ready for publication but may be later resubmitted to a workshop or another conference after the concern above is addressed.", "IS_META_REVIEW": false, "RECOMMENDATION": 6, "DATE": "17 Dec 2016 (modified: 23 Jan 2017)", "REVIEWER_CONFIDENCE": 3}, {"OTHER_KEYS": "ICLR 2017 conference AnonReviewer2", "TITLE": "Important problem, but lacks clarity and I'm not sure what the contribution is.", "is_meta_review": false, "comments": "This work proposes a convolutional architecture for any graph-like input data (where the structure is example-dependent), or more generally, any data where the input dimensions that are related by a similarity matrix. If instead each input example is associated with a transition matrix, then a random walk algorithm is used generate a similarity matrix.\n\nDeveloping convolutional or recurrent architectures for graph-like data is an important problem because we would like to develop neural networks that can handle inputs such as molecule structures or social networks. However, I don't think this work contributes anything significant to the work that has already been done in this area. \n\nThe two main proposals I see in this paper are:\n1) For data associated with a transition matrix, this paper proposes that the transition matrix be converted to a similarity matrix. This seems obvious.\n2) For data associated with a similarity matrix, the k nearest neighbors of each node are computed and supply the context information for that node. This also seems obvious.\n\nPerhaps I have misunderstood the contribution, but the presentation also lacks clarity, and I cannot recommend this paper for publication. \n\nSpecific Comments:\n1) On page 4: \"An interesting attribute of this convolution, as compared to other convolutions on graphs is that, it preserves locality while still being applicable over different graphs with different structures.\"  This is false; the other proposed architectures can be applied to inputs with different structures (e.g. Duvenaud et. al., Lusci et. al. for NN architectures on molecules specifically). ", "IS_META_REVIEW": false, "RECOMMENDATION": 3, "DATE": "16 Dec 2016", "REVIEWER_CONFIDENCE": 3}, {"TITLE": "Questions", "OTHER_KEYS": "ICLR 2017 conference AnonReviewer1", "comments": "", "IS_META_REVIEW": false, "DATE": "02 Dec 2016 (modified: 03 Dec 2016)", "is_meta_review": false}, {"TITLE": "ICLR Paper Format", "OTHER_KEYS": "Tara N Sainath", "comments": "Dear Authors,\n\nPlease resubmit your paper in the ICLR 2017 format stating in the header \"submitted\" instead of \"published\" for your submission to be considered. Thank you!", "IS_META_REVIEW": false, "DATE": "07 Nov 2016", "is_meta_review": false}], "SCORE": 3, "authors": "Yotam Hechtlinger, Purvasha Chakravarti, Jining Qin", "KEYWORDS": "A generalization of CNNs to standard regression and classification problems by using random walk on the data graph structure.", "accepted": false, "id": ""}
