{"conference": "ICLR 2017 conference submission", "title": "Neural Causal Regularization under the Independence of Mechanisms Assumption", "abstract": "Neural networks provide a powerful framework for learning the association between input and response variables and making accurate predictions. However, in many applications such as healthcare, it is important to identify causal relationships between the inputs and the response variables to be able to change the response variables by intervention on the inputs. In pursuit of models whose predictive power comes maximally from causal variables, we propose a novel causal regularizer based on the independence of mechanisms assumption. We utilize the causal regularizer to steer deep neural network architectures towards causally-interpretable solutions. We perform a large-scale analysis of electronic health records. Employing expert's judgment as the causal ground-truth, we show that our causally-regularized algorithm outperforms its L1-regularized equivalence both in predictive performance as well as causal relevance. Finally, we show that the proposed causal regularizer can be used together with representation learning algorithms to yield up to 20% improvement in the causality score of the generated hypotheses.", "reviews": [{"is_meta_review": true, "comments": "The present submission discusses a \"causal regularizer\", which promotes the use of causal dependencies (X -> Y, where X is a feature of the learning problem, and Y is the target variable) in predictive models. Similarly, such causal regularizer penalizes the use of non-causal dependencies, which can arise due to reverse causation (Y -> X) or confounding (X <- Z -> Y, where Z is a hidden confounder).\n\n+ Overall, this submission tackles one of the most important problems in machine learning, which is to build causal models. The paper discusses and addresses this issue effectively when applied to a dataset in heart disease. In their experiments, the authors correctly identify some of the common causes of heart disease by virtue of their causal regularizer.\n\n- The authors do not discuss the robustness of their approach with respect to choice of hyper-parameters (both describing the neural network architecture and the generative model that synthesizes artificial causal data). This seems like a crucial issue, in particular when dealing with medical data.\n\n- The conclusions of the experimental evaluation should be discussed in greater length. On the one hand, Figure 4.a shows that there are no differences between L1 and causal regularization in terms of predictive performance, but it is difficult to conclude if this result is statistically significant without access to error-bars. On the other hand, Table 3 describes the qualitative differences between L1 and causal regularization. However, this table is hard to read: How were the 30 rows selected? What does the red highlighting mean? Are these red rows some true causal features that were missed? If so, this is related to precision. What about recall? Did the causal regularization pick up many non-causal features as causal?\n\n- Regarding causal classifiers, this paper should do a much better job at reviewing previous work. For instance, the paper \"Towards a Learning Theory of Cause-Effect Inference\" from Lopez-Paz et al. is missing from the references. However, this prior work studies many of the aspects that are hinted as novel in this submission. In particular, the prior work of Lopez-Paz 1) introduces the concept of Mother distribution (referred as Nature hyper-prior in this submission) which explicitly factorizes the distribution over causes and mechanisms, 2) circumvented intractable likelihoods by synthesizing and training on causal data, 3) tackled the confounding case (compare Figure 1 of this submission and Appendix C of Lopez-Paz), and 4) dealt with discrete data seamlessly (such as the ChaLearn data from Section 5.3 in Lopez-Paz).\n\nOn a positive note, this is a well-written paper that addresses the important, under-appreciated problem of incorporating causal reasoning into machine learning. On a negative note, the novelty of the technical contributions is modest and the qualitative evaluation of the results could be greatly extended. In short, I am leaning slightly towards acceptance.", "IS_META_REVIEW": true}, {"TITLE": "ICLR committee final decision", "OTHER_KEYS": "ICLR 2017 pcs", "comments": "The reviewers pointed out several issues with the paper, and all recommended rejection. The revision seems to not have been enough to change their minds.", "IS_META_REVIEW": false, "DATE": "06 Feb 2017", "is_meta_review": false}, {"TITLE": "Major Revision", "OTHER_KEYS": "Mohammad Taha Bahadori", "comments": "We made a major revision to the paper.  Here is the summary of the main changes:\n\nExperiments:\n-- Providing **ground truth causality** evaluation (by hiring Robert Chen, a clinical expert). (Figure 1, Table 2) The results show a significant gain in causality discovery using the proposed method.\n-- Including a new **publicly available dataset** (MIMIC III) to ensure reproducibility of the results. (Table 1 and Figure 4)\n-- Adding standard deviation to the results.\n\nNovel methodology:\n-- Providing a neural network architecture that allows multivariate causal hypothesis generation, see Section 2.3 and Figure 2.b.\n-- Providing the ground truth causality evaluation for the causal hypotheses generated by our algorithm. (Figure 5b)\n\nWriteup:\n-- Adding more discussion on the related works (Sections 2.1 and 2.2). \n---- In the introduction and Section 2.2 we clearly describe the novelty of this paper with respect to the papers listed by David Lopez-Paz and the reviewers.\n-- Revising the background section 2.1 and making it both more accessible and more mathematically precise.\n-- Adding new visualizations in Figure 2 and removing diagrams that didn\u2019t help delivering the concepts.\n-- Restructuring the methodology section. Now Section 2.2 only discusses the proposed causal regularizer and Section 2.3 describes its combination with neural networks.\n-- Moving the experimental results on the causality detection (and other extra results) to Appendix A.1, to allow space for evaluation of the main results of the paper.\n-- Finally, we revised the introduction accordingly.\n", "IS_META_REVIEW": false, "DATE": "13 Jan 2017 (modified: 02 Feb 2017)", "is_meta_review": false}, {"OTHER_KEYS": "ICLR 2017 conference AnonReviewer3", "TITLE": "Possibly practical method, but methodology and analysis fall short", "is_meta_review": false, "comments": "This paper proposes to use a causality score to weight a sparsity regularizer.  In that way, selected variables trade off between being causal and discriminative.  The framework is primarily evaluated on a proprietary health dataset.  While the dataset does give a good motivation to the problem setting, the paper falls a bit short for ICLR due to the lack of additional controlled experiments, relatively straightforward methodology (given the approach of Chalupka et al., arXiv Preprint, 2016, which is a more interesting paper from a technical perspective), and paucity of theoretical motivation.\n\nAt the core of this paper, the approach is effectively to weight a sparsity regularizer so that \"causal\" variables (as determined by a separate objective) are more likely to be selected.  This is generally a good idea, but we do not get a proper validation of this from the experiments as ground truth is absent.  A theorem on identifiability of causal+discriminative variables from a data sample combined with adequate synthetic experiments would have probably been sufficient, for example, to push the paper towards accept from a technical perspective, but as it is, it is lacking in insight and reproducibility.", "IS_META_REVIEW": false, "RECOMMENDATION": 5, "DATE": "19 Dec 2016", "REVIEWER_CONFIDENCE": 4}, {"OTHER_KEYS": "ICLR 2017 conference AnonReviewer2", "TITLE": "a good paper but a bit short of the mark in terms of presentation, methodology, and results", "is_meta_review": false, "comments": "The authors extend their method of causal discovery (Chalupka et al 2016) to include assumptions about sparsity via regularization.  They apply this extension to an interesting private dataset from Sutter Health.  While an interesting direction, I found the presentation somewhat confused, the methodological novelty smaller than the bulk of ICLR works, and the central results (or perhaps data; see below) inadequate to address questions of causality.\n\nFirst, I found the presentation somewhat unclear.  The paper at some points seems to be entirely focused on healthcare data, at other points it uses it as a motivating example, and at other points it is neglected.  Also, algorithm 1 seems unreferenced, and I'm not entirely sure why it is needed.  Figure 2 is not needed for this community.  The key methodological advance in this work appears in section 2.1 (Causal regularizer), but it is introduced amidst toy examples and without clear terminology or standard methodological assumptions/build-up.  In Section 3.1 (bottom of first paragraph), key data and results seem to be relegated to the appendices.  Thus overall the paper read rather haphazardly.  Finally, there seems to be an assumption throughout of fairly intimate familiarity with the Cholupka preprint, which i think should be avoided.  This paper should stand alone.\n\nSecond, while the technical contributions/novelty are not a focus of the paper's presentation, I am concerned by the lack of methodological advance.  Essentially a regularization objective is added to the previous method, which of itself is not a bad idea, but I can't point to a technical novelty in the paper that the community can not do without.\n\nThird, fundamentally i don't see how the experiments address the central question of causality; they show regularization behaving as expected (or rather, influencing weights as expected), but I don't think we really have any meaningful quantitative evidence that causality has been learned.  This was briefly discussed (see \"ground truth causality?\" and the response below).  I appreciate the technical challenges/impossibility of having such a dataset, but if that's the case, then I think this work is premature, since there is no way to really validate.\n\nOverall it's clearly a sincere effort, but I found it wanting in terms of a few critical areas.", "IS_META_REVIEW": false, "RECOMMENDATION": 4, "DATE": "17 Dec 2016", "REVIEWER_CONFIDENCE": 4}, {"OTHER_KEYS": "ICLR 2017 conference AnonReviewer1", "TITLE": "No Title", "is_meta_review": false, "comments": "The present submission discusses a \"causal regularizer\", which promotes the use of causal dependencies (X -> Y, where X is a feature of the learning problem, and Y is the target variable) in predictive models. Similarly, such causal regularizer penalizes the use of non-causal dependencies, which can arise due to reverse causation (Y -> X) or confounding (X <- Z -> Y, where Z is a hidden confounder).\n\n+ Overall, this submission tackles one of the most important problems in machine learning, which is to build causal models. The paper discusses and addresses this issue effectively when applied to a dataset in heart disease. In their experiments, the authors correctly identify some of the common causes of heart disease by virtue of their causal regularizer.\n\n- The authors do not discuss the robustness of their approach with respect to choice of hyper-parameters (both describing the neural network architecture and the generative model that synthesizes artificial causal data). This seems like a crucial issue, in particular when dealing with medical data.\n\n- The conclusions of the experimental evaluation should be discussed in greater length. On the one hand, Figure 4.a shows that there are no differences between L1 and causal regularization in terms of predictive performance, but it is difficult to conclude if this result is statistically significant without access to error-bars. On the other hand, Table 3 describes the qualitative differences between L1 and causal regularization. However, this table is hard to read: How were the 30 rows selected? What does the red highlighting mean? Are these red rows some true causal features that were missed? If so, this is related to precision. What about recall? Did the causal regularization pick up many non-causal features as causal?\n\n- Regarding causal classifiers, this paper should do a much better job at reviewing previous work. For instance, the paper \"Towards a Learning Theory of Cause-Effect Inference\" from Lopez-Paz et al. is missing from the references. However, this prior work studies many of the aspects that are hinted as novel in this submission. In particular, the prior work of Lopez-Paz 1) introduces the concept of Mother distribution (referred as Nature hyper-prior in this submission) which explicitly factorizes the distribution over causes and mechanisms, 2) circumvented intractable likelihoods by synthesizing and training on causal data, 3) tackled the confounding case (compare Figure 1 of this submission and Appendix C of Lopez-Paz), and 4) dealt with discrete data seamlessly (such as the ChaLearn data from Section 5.3 in Lopez-Paz).\n\nOn a positive note, this is a well-written paper that addresses the important, under-appreciated problem of incorporating causal reasoning into machine learning. On a negative note, the novelty of the technical contributions is modest and the qualitative evaluation of the results could be greatly extended. In short, I am leaning slightly towards acceptance.", "IS_META_REVIEW": false, "RECOMMENDATION": 6, "DATE": "14 Dec 2016", "REVIEWER_CONFIDENCE": 5}, {"TITLE": "ground truth causality?", "OTHER_KEYS": "ICLR 2017 conference AnonReviewer3", "comments": "", "IS_META_REVIEW": false, "DATE": "03 Dec 2016", "is_meta_review": false}, {"TITLE": "Reproducibility", "OTHER_KEYS": "ICLR 2017 conference AnonReviewer1", "comments": "While the paper provides enough detail to re-implement the proposed methods, there is no discussion as to whether the heart failure dataset will be released. This would be key for reproducibility.", "IS_META_REVIEW": false, "DATE": "02 Dec 2016", "is_meta_review": false}, {"TITLE": "samples from an observational distribution", "OTHER_KEYS": "ICLR 2017 conference AnonReviewer2", "comments": "", "IS_META_REVIEW": false, "DATE": "02 Dec 2016", "is_meta_review": false}, {"TITLE": "Novelty and prior work", "OTHER_KEYS": "David Lopez-Paz", "comments": "Learning classifiers to distinguish between causal, anticausal, and confounded dependencies is not a novel idea. It was introduced in the competitions of Guyon [1,2], and later developed in the context of kernel machines [3,4], learning theory [4], and neural networks [5]. These classifiers were applied to discrete data [1,2,3,4,5,6], extend to multiple random variables [4 Appendix C, 6], generalize the additive noise model assumption [5,6], consider hidden confounding [1,2,4 Appendix C, 6], and make use of classifier soft-scores to measure predictive uncertainty [1,2,3,4,5,6].\n\nThe idea of causal regularization is not novel, either. It was proposed at least in [1 Page 181] and [2 Section 3]. Causal regularization is also at the heart of invariant prediction [7], and causal transfer [8,9].\n\nNone of these works are cited by this manuscript or by the companion manuscript (Chalupka et al., 2016). This omission undermines the novelty claims of the manuscript, and prevents the readers from easily seeing what the contribution is. The authors should therefore add a comprehensive discussion of the related works and a realistic discussion of the claimed novelty in this work.\n\n[1] ", "IS_META_REVIEW": false, "DATE": "07 Nov 2016", "is_meta_review": false}], "SCORE": 6, "authors": "Mohammad Taha Bahadori, Krzysztof Chalupka, Edward Choi, Robert Chen, Walter F. Stewart, Jimeng Sun", "KEYWORDS": "We designed a neural causal regularizer to encourage predictive models to be more causal.", "accepted": false, "id": ""}
