{"conference": "ICLR 2017 conference submission", "title": "Rethinking Numerical Representations for Deep Neural Networks", "abstract": "With ever-increasing computational demand for deep learning, it is critical to investigate the implications of the numeric representation and precision of DNN model weights and activations on computational efficiency. In this work, we explore unconventional narrow-precision floating-point representations as it relates to inference accuracy and efficiency to steer the improved design of future DNN platforms.  We show that inference using these custom numeric representations on production-grade DNNs, including GoogLeNet and VGG, achieves an average speedup of 7.6x with less than 1% degradation in inference accuracy relative to a state-of-the-art baseline platform representing the most sophisticated hardware using single-precision floating point.  To facilitate the use of such customized precision, we also present a novel technique that drastically reduces the time required to derive the optimal precision configuration.", "reviews": [{"is_meta_review": true, "comments": "The paper provides a first study of customized precision hardware for large convolutional networks, namely alexnet, vgg and googlenet. It shows that it is possible to achieve larger speed-ups using floating-point precision (up to 7x) when using fewer bits, and better than using fixed-point representations. \n\nThe paper also explores predicting custom floating-point precision parameters directly from the neural network activations, avoiding exhaustive search, but i could not follow this part. Only the activations of the last layer are evaluated, but on what data ? On all the validation set ? Why would this be faster than computing the classification accuracy ?\n\nThe results should be useful for hardware manufacturers, but with a catch. All popular convolutional networks now use batch normalization, while none of the evaluated ones do. It may well be that the conclusions of this study will be completely different on batch normalization networks, and fixed-point representations are best there, but that remains to be seen. It seems like something worth exploring.\n\nOverall there is not a great deal of novelty other than being a useful study on numerical precision trade-offs at neural network test time. Training time is also something of interest. There are a lot more researchers trying to train new networks fast than trying to evaluate old ones fast. \n\nI am also no expert in digital logic design, but my educated guess is that this paper is marginally below the acceptance threshold.", "IS_META_REVIEW": true}, {"TITLE": "ICLR committee final decision", "OTHER_KEYS": "ICLR 2017 pcs", "comments": "The reviewers feel that this is a well written paper on floating and fixed point representations for inference with several state of the art deep learning architectures. At the same time, in order for results to be more convincing, they recommend using 16-bit floats as a more proper baseline for comparison, and to analyze tradeoffs in overall workload speedup, i.e broader system-level issues surrounding the implementation of custom floating point units.", "IS_META_REVIEW": false, "DATE": "06 Feb 2017", "is_meta_review": false}, {"OTHER_KEYS": "ICLR 2017 conference AnonReviewer3", "TITLE": "Review", "is_meta_review": false, "comments": "The paper studies the impact of using customized number representations on accuracy, speed, and energy consumption of neural network inference. Several standard computer vision architectures including VGG and GoogleNet are considered for the experiments, and it is concluded that floating point representations are preferred over fixed point representations, and floating point numbers with about 14 bits are sufficient for the considered architectures resulting in a small loss in accuracy.\n\nThe paper provides a nice overview of floating and fixed point representations and focuses on an important aspect of deep learning that is not well studied. There are several aspects of the paper that could be improved, but overall, I am leaned toward weak accept assuming that the authors address the issues below.\n\n1- The paper is not clear that it is only focusing on neural network inference. Please include the word \"inference\" in the title / abstract to clarify this point and mention that the findings of the paper do not necessarily apply to neural network training as training dynamics could be different.\n\n2- The paper does not discuss the possibility of adopting quantization tricks during training, which may result in the use of fewer bits at inference.\n\n3- The paper is not clear whether in computing the running time and power consumption, it includes all of the modules or only multiply-accumulate units? Also, how accurate are these numbers given different possible designs and the potential difference between simulation and production? Please elaborate on the details of simulation in the paper.\n\n4- The whole discussion about \"efficient customized precision search\" seem unimportant to me. When such important hardware considerations are concerned, even spending 20x simulation time is not that important. The exhaustive search process could be easily parallelized and one may rather spend more time at simulation at the cost of finding the exact best configuration rather than an approximation. That said, weak configurations could be easily filtered after evaluating just a few examples.\n\n5- Nvidia's Pascal GP100 GPU supports FP16. This should be discussed in the paper and relevant Nvidia papers / documents should be cited.\n\nMore comments:\n\n- Parts of the paper discussing \"efficient customized precision search\" are not clear to me.\n\n- As future work, the impact of number representations on batch normalization and recurrent neural networks could be studied.\n", "IS_META_REVIEW": false, "RECOMMENDATION": 6, "DATE": "03 Jan 2017", "REVIEWER_CONFIDENCE": 3}, {"OTHER_KEYS": "ICLR 2017 conference AnonReviewer5", "TITLE": "Ignores broader system-level issues, needs to use 16-bit floats as baseline", "is_meta_review": false, "comments": "This paper explores the performance-area-energy-model accuracy tradeoff encountered in designing custom number representations for deep learning inference. Common image-based benchmarks: VGG, Googlenet etc are used to demonstrate that fewer than1 6 bits in a custom floating point representation can lead to improvement in runtime performance and energy efficiency with only a small loss in model accuracy.\n\nQuestions:\n\n1. Does the custom floating point number representation take into account support for de-normal numbers? \n2. Is the custom floating point unit clocked at the same frequency as the baseline 32-bit floating point unit? If not, what are the different frequencies used and how would this impact the overall system design in terms of feeding the data to the floating point units from the memory\n\nComments:\n\n1. I would recommend using the IEEE half-precision floating point (1bit sign, 5bit exponent, and 10bit mantissa) as a baseline for comparison. At this point, it is well known in both the ML and the HW communities that 32-bit floats are an overkill for DNN inference and major HW vendors already include support for IEEE half-precision floats. \n2. In my opinion, the claim that switching to custom floating point  lead to a YY.ZZ x savings in energy is misleading. It might be true that the floating-point unit itself might consume less energy due to smaller bit-width of the operands, however a large fraction of the total energy is spent in data movement to/from the memories. As a result, reducing the floating point unit\u2019s energy consumption by a certain factor will not translate to the same reduction in the total energy. A reader not familiar with such nuances (for example a typical member of the ML community), may be mislead by such claims. \n3. On a similar note as comment 2, the authors should explicitly mention that the claimed speedup is that of the floating point unit only, and it will not translate to the overall workload speedup. Although the speedup of the compute unit is roughly quadratic in the bit-width, the bandwidth requirements scale linearly with bit-width. As a result, it is possible that these custom floating point units may be starved on memory bandwidth, in which case the claims of speedup and energy savings need to be revisited.\n4. The authors should also comment on the complexities and overheads introduced in data accesses, designing the various system buses/ data paths when the number representation is not byte-aligned. Moving to a custom 14-bit number representation (for example) can improve the performance and energy-efficiency of the floating point unit, but these gains can be partially eroded due to the additional overhead in supporting non-byte aligned memory accesses.\n", "IS_META_REVIEW": false, "RECOMMENDATION": 5, "DATE": "27 Dec 2016 (modified: 02 Jan 2017)", "REVIEWER_CONFIDENCE": 5}, {"OTHER_KEYS": "ICLR 2017 conference AnonReviewer2", "TITLE": "Can be improved", "is_meta_review": false, "comments": "The paper provides a first study of customized precision hardware for large convolutional networks, namely alexnet, vgg and googlenet. It shows that it is possible to achieve larger speed-ups using floating-point precision (up to 7x) when using fewer bits, and better than using fixed-point representations. \n\nThe paper also explores predicting custom floating-point precision parameters directly from the neural network activations, avoiding exhaustive search, but i could not follow this part. Only the activations of the last layer are evaluated, but on what data ? On all the validation set ? Why would this be faster than computing the classification accuracy ?\n\nThe results should be useful for hardware manufacturers, but with a catch. All popular convolutional networks now use batch normalization, while none of the evaluated ones do. It may well be that the conclusions of this study will be completely different on batch normalization networks, and fixed-point representations are best there, but that remains to be seen. It seems like something worth exploring.\n\nOverall there is not a great deal of novelty other than being a useful study on numerical precision trade-offs at neural network test time. Training time is also something of interest. There are a lot more researchers trying to train new networks fast than trying to evaluate old ones fast. \n\nI am also no expert in digital logic design, but my educated guess is that this paper is marginally below the acceptance threshold.", "IS_META_REVIEW": false, "RECOMMENDATION": 5, "DATE": "19 Dec 2016", "REVIEWER_CONFIDENCE": 2}, {"TITLE": "Relationship with binarization and quantization techniques", "OTHER_KEYS": "ICLR 2017 conference AnonReviewer1", "comments": "", "IS_META_REVIEW": false, "DATE": "03 Dec 2016", "is_meta_review": false}, {"TITLE": "training ?", "OTHER_KEYS": "ICLR 2017 conference AnonReviewer2", "comments": "", "IS_META_REVIEW": false, "DATE": "02 Dec 2016", "is_meta_review": false}], "SCORE": 5, "authors": "Parker Hill, Babak Zamirai, Shengshuo Lu, Yu-Wei Chao, Michael Laurenzano, Mehrzad Samadi, Marios Papaefthymiou, Scott Mahlke, Thomas Wenisch, Jia Deng, Lingjia Tang, Jason Mars", "KEYWORDS": "We find that the optimal numerical representation for large-scale DNNs is very different than the small-scale ones that are used in current DNN hardware research.", "accepted": false, "id": ""}
