{"conference": "ICLR 2017 conference submission", "title": "Learning Python Code Suggestion with a Sparse Pointer Network", "abstract": "To enhance developer productivity, all modern integrated development environments (IDEs) include code suggestion functionality that proposes likely next tokens at the cursor. While current IDEs work well for statically-typed languages, their reliance on type annotations means that they do not provide the same level of support for dynamic programming languages as for statically-typed languages. Moreover, suggestion engines in modern IDEs do not propose expressions or multi-statement idiomatic code. Recent work has shown that language models can improve code suggestion systems by learning from software repositories. This paper introduces a neural language model with a sparse pointer network aimed at capturing very long range dependencies. We release a large-scale code suggestion corpus of 41M lines of Python code crawled from GitHub. On this corpus, we found standard neural language models to perform well at suggesting local phenomena, but struggle to refer to identifiers that are introduced many tokens in the past. By augmenting a neural language model with a pointer network specialized in referring to predefined classes of identifiers, we obtain a much lower perplexity and a 5 percentage points increase in accuracy for code suggestion compared to an LSTM baseline. In fact, this increase in code suggestion accuracy is due to a 13 times more accurate prediction of identifiers. Furthermore, a qualitative analysis shows this model indeed captures interesting long-range dependencies, like referring to a class member defined over 60 tokens in the past.", "reviews": [{"is_meta_review": true, "comments": "This paper takes a standard auto-regressive model of source code and augments it with a fixed attention policy that tracks the use of certain token types, like identifiers. Additionally they release a Python open source dataset. As expected this augmentation, the fixed attention policy, improves the perplexity of the model. It seems important to dig a bit deeper into these results and show the contribution of different token types to the achieve perplexity. This is alluded to in the text, but a more thorough comparison would be welcome. The idea of an attention policy that takes advantage of expert knowledge is a nice contribution, but perhaps if limited novelty --- for example the Maddison and Tarlow 2014 paper, which the authors cite, has scoping rules that track previously used identifiers in scope.", "IS_META_REVIEW": true}, {"TITLE": "ICLR committee final decision", "OTHER_KEYS": "ICLR 2017 pcs", "comments": "This paper augments language models with attention to to capture long range dependencies through a sparse pointer network that is restricted to previously introduced identifiers, and demonstrates the proposed architecture over a new, released large-scale code suggestion corpus of 41M lines of Python code. The addition of long range attention over 20 identifiers improves perplexity compared to an LSTM with an attentional context of 50 words, but degrades accuracy (hit @1), while improving hit@5.\n The experimental validation however requires a more thorough analysis and more detailed ablation experiments and discussions, and more thorough comparison to related work. As is, many choices seem quite arbitrary and make it hard to determine if the model is really performing well (minibatch sizes, size of the memory for the LSTM, choice and number of identifiers for the sparse pointers, etc).", "IS_META_REVIEW": false, "DATE": "06 Feb 2017", "is_meta_review": false}, {"OTHER_KEYS": "ICLR 2017 conference AnonReviewer3", "TITLE": "No Title", "is_meta_review": false, "comments": "This paper presents an improved neural language models designed for selected long-term dependency, i.e., to predict more accurately the next identifier for the dynamic programming language such as Python. The improvements are obtained by:\n\n1) replacing the fixed-widow attention with a pointer network, in which the memory only consists of context representation of the previous K identifies introduced for the entire history. \n2) a conventional neural LSTM-based language model is combined with such a sparse pointer network with a controller, which linearly combines the prediction of both components using a dynamic weights, decided by the input, hidden state, and the context representations at the time stamp.\n\nSuch a model avoids the the need of large window size of the attention to predict next identifier, which usually requires a long-term dependency in the programming language. This is partly validated by the python codebase (which is another contribution of this paper) experiments in the paper.\n\nWhile the paper still misses some critical information that I would like to see, including how the sparse pointer network performance chances with different size of K, and how computationally efficient it is for both training and inference time compared to LSTM w/ attention of various window size, and ablation experiments about how much (1) and (2) contribute respectively, it might be of interest to the ICLR community to see it accepted.\n\n", "IS_META_REVIEW": false, "RECOMMENDATION": 6, "DATE": "18 Dec 2016", "REVIEWER_CONFIDENCE": 4}, {"OTHER_KEYS": "ICLR 2017 conference AnonReviewer2", "TITLE": "Review", "is_meta_review": false, "comments": "This paper uses a pointer network over a sparse window of identifiers to improve code suggestion for dynamically-typed languages. Code suggestion seems an area where attention and/or pointers truly show an advantage in capturing long term dependencies.\n\nThe sparse pointer method does seem to provide better results than attention for similar window sizes - specifically, comparing a window size of 20 for the attention and sparse pointer method shows the sparse pointer winning fairly definitively across the board. Given a major advantage of the pointer method is being able to use a large window size well thanks to the supervision the pointer provides, it was unfortunate (though understandable due to potential memory issues) not to see larger window sizes. Having a different batch size for the sparse pointer and attention models is unfortunate given it complicates an otherwise straight comparison between the two models.\n\nThe construction and filtering of the Python corpus sounds promising but as of now it is still inaccessible (listed in the paper as TODO). Given that code suggestion seems an interesting area for future long term dependency work, it may be promising as an avenue for future task exploration.\n\nOverall this paper and the dataset are likely an interesting contribution even though there are a few potential issues.", "IS_META_REVIEW": false, "RECOMMENDATION": 6, "DATE": "17 Dec 2016", "REVIEWER_CONFIDENCE": 4}, {"OTHER_KEYS": "ICLR 2017 conference AnonReviewer1", "TITLE": "An attention mechanism that isn't learned", "is_meta_review": false, "comments": "This paper takes a standard auto-regressive model of source code and augments it with a fixed attention policy that tracks the use of certain token types, like identifiers. Additionally they release a Python open source dataset. As expected this augmentation, the fixed attention policy, improves the perplexity of the model. It seems important to dig a bit deeper into these results and show the contribution of different token types to the achieve perplexity. This is alluded to in the text, but a more thorough comparison would be welcome. The idea of an attention policy that takes advantage of expert knowledge is a nice contribution, but perhaps if limited novelty --- for example the Maddison and Tarlow 2014 paper, which the authors cite, has scoping rules that track previously used identifiers in scope. ", "IS_META_REVIEW": false, "RECOMMENDATION": 5, "DATE": "16 Dec 2016", "REVIEWER_CONFIDENCE": 4}, {"TITLE": "Prior Work & Suggestions", "OTHER_KEYS": "(anonymous)", "comments": "Some of the claimed contributions the paper makes already exist in prior work. For instance:\n\n\u2192 There is already a Python data set available: ", "IS_META_REVIEW": false, "DATE": "07 Dec 2016", "is_meta_review": false}, {"TITLE": "Table 2", "OTHER_KEYS": "ICLR 2017 conference AnonReviewer1", "comments": "", "IS_META_REVIEW": false, "DATE": "05 Dec 2016", "is_meta_review": false}, {"TITLE": "Clarification re: batch sizes and history length", "OTHER_KEYS": "ICLR 2017 conference AnonReviewer2", "comments": "", "IS_META_REVIEW": false, "DATE": "29 Nov 2016", "is_meta_review": false}], "SCORE": 5, "authors": "Avishkar Bhoopchand, Tim Rockt\u00e4schel, Earl Barr, Sebastian Riedel", "KEYWORDS": "We augment a neural language model with a pointer network for code suggestion that is specialized to referring to predefined groups of identifiers", "accepted": false, "id": ""}
