{"conference": "ICLR 2017 conference submission", "title": "Efficient Communications in Training Large Scale Neural Networks", "abstract": "We consider the problem of how to reduce the cost of communication that is re- quired for the parallel training of a neural network. The state-of-the-art method, Bulk Synchronous Parallel Stochastic Gradient Descent (BSP-SGD), requires a many collective communication operations, like broadcasts of parameters or reduc- tions for sub-gradient aggregations, which for large messages quickly dominates overall execution time and limits parallel scalability. To address this problem, we develop a new technique for collective operations, referred to as Linear Pipelining (LP). It is tuned to the message sizes that arise in BSP-SGD, and works effectively on multi-GPU systems. Theoretically, the cost of LP is invariant to P , where P is the number of GPUs, while the cost of more conventional Minimum Spanning Tree (MST) scales like O(log P ). LP also demonstrate up to 2x faster bandwidth than Bidirectional Exchange (BE) techniques that are widely adopted by current MPI implementations. We apply these collectives to BSP-SGD, showing that the proposed implementations reduce communication bottlenecks in practice while preserving the attractive convergence properties of BSP-SGD.", "reviews": [{"is_meta_review": true, "comments": "The primary point made by this paper is that given certain architectural characteristics of multi-GPU systems, namely the use of bi-directional PCI-E for communication and the integration of two independent DMA engines on recent GPU devices (providing support for simultaneous independent communications), and given the characteristics of the communications patterns required by synchronous SGD trainers for deep neural networks, namely that the messages are large, dense, and have a fixed length, it makes sense to design communication collectives such as broadcast, reduce, and allreduce specifically for the use case of synchronous SGD training on a multi-GPU system.  The paper describes the implementation of these three collectives (broadcast, reduce, and allreduce) using a linear pipelining (LP) scheme on a (logical) ring topology.  The paper compares the LP collectives to two alternatives:  collectives based on a minimal spanning tree (MST) topology and collectives based on bidirectional exchange (BE).  First, a theoretical comparison is made using a standard cost model used in the high performance computing community.  When assumptions based on multi-GPU system architecture (very low latency for messages) and on the communication characteristics of synchronous SGD training (very large messages) are integrated into the model, the paper finds that the LP collectives should be less costly than BE collectives by a factor of 2 and less costly than MST collectives by a factor of log(p), where p is the number of GPUs being used.  Second, an empirical comparison is performed in which (1) the time required to perform each of the different collectives on a 4-device (k40m) system is measured as a function of message size and (2) the time required to perform each of the different collectives with a 200 MB message length is measured as a function of the number of devices in the system.  These measurements show that the LP-based collectives are consistently the fastest.  Third, DNN training experiments with AlexNet and GoogLeNet are performed on a 4-device system using three different synchronous SGD algorithms with the different implementations of the collectives (a total of 6 different algorithms in all).  Measurements of the communication and computation costs show that the LP collectives reduce communication costs without affecting computation costs (as expected).  Measurements of the convergence of the training loss as a function of time for the two DNN architectures show that use of the LP collectives leads to faster training.\n\nWhile the theory says that the costs of LP collectives should be invariant to the number of devices in a multi-GPU system, the empirical work shows that in practice this does not hold going from 4 to 5 devices (in the tested configuration) because in a 5-device system messages must traverse the QPI.  Are there other practical considerations that the authors are aware of that affect the scaling of the LP collectives?  If so, these should be mentioned in the paper.\n\nIn the sentence \"Worringen (2003) proposed a pipeline collective model in shared memory environment for CPU data, but communications of different MPI processes sharing the same CPU memory bus within the same CPU socket.\" I really can't figure out what the words after \"but communications of different MPI processes\" are trying to convey.  This sentence is not comprehensible.\n\n\"Please note the latency term is log p\u03b1, which is the smallest among algorithms in Table.1. Therefore, MST only suits for high frequent short messages.\"  The claim that MST collectives are only suitable for high-frequency, short messages does not follow from the statement that MST collectives have the smallest latency term.  You also need to consider the way the cost scales with message size (the bandwidth term).  If the MST collectives had a better bandwidth term than the other collectives, then they would also be superior for large messages.\n\n\"Let\u2019s take an appropriate block size b to ensure n/b \u226a \u03b1.\"  This looks wrong, since n > b.  Should it be b/n \u226a \u03b1?\n\n\"However, the parameters are not consistent after several iterations due to the precision issues of float multiplications in Gradient Update.\"  Are you sure the inconsistency in weight estimates across devices is due to multiplication?  I would expect that it would be due to gradients being accumulated in different orders; that is, because floating point addition is not commutative.\n\nI recommend replacing the term \"sub-gradients\" in this paper with \"partial gradients.\"  In the optimization literature, the term \"sub-gradient\" has a very specific meaning that differs from this paper's use of the term (see", "IS_META_REVIEW": true}, {"TITLE": "ICLR committee final decision", "OTHER_KEYS": "ICLR 2017 pcs", "comments": "The authors propose improvements for the utilization of modern hardware when training using stochastic gradient. However, the reviewers bring up several issues with the paper, including major clarity issues as well as notational issues and some comments about the theory vs. practice.", "IS_META_REVIEW": false, "DATE": "06 Feb 2017", "is_meta_review": false}, {"TITLE": "Revisions", "OTHER_KEYS": "Linnan Wang", "comments": "To Reviewers,\n\nWe have improved the readability according to the feedback from Reviewer 3. Please check at the revision.", "IS_META_REVIEW": false, "DATE": "30 Dec 2016", "is_meta_review": false}, {"OTHER_KEYS": "ICLR 2017 conference AnonReviewer2", "TITLE": "No Title", "is_meta_review": false, "comments": "This paper presents a linear pipeline All-reduce approach for parallel neural networks on multiple GPU. The paper provides both theoretical analysis and experiments. Overall, the results presented in the paper are interesting, but the writing can be improved. \n\nComments:\n\n- The authors compare their proposed approach with several alternative approaches and demonstrate strong performance of the proposed approaches. But it is unclear if the improvement is from the proposed approach or from the implementation.  \n\n- The paper is not easy to follow and the writing can be improved in many place (aside from typos and missing references). Specifically, the authors should provide more intuitions of the proposed approach in the introduction and in Section 3. \n\n- The proposition and the analysis in Section 3.2 do not suggest the communication cost of linear pipeline is approximately 2x and log p faster than BE and MST, respectively, as claimed in many places in the paper. Instead, it suggests LP *cannot* be faster than these methods by 2x and log p  times. More specifically, Eq (2) shows T_broadcase_BE/ T_broadcase_LP < 2. This does not provide an upper-bound of T_broadcase_LP and it can be arbitrary worse when comparing with T_broadcase_BE from this inequality. Therefore, instead of showing T_broadcase_BE/ T_broadcase_LP < 2, the authors should state T_broadcase_BE/ T_broadcase_LP > 1 when n approaches infinity. \n\n- It would be interesting to emphasize more on the differences between designing parallel algorithms on CPU v.s. on GPU to motivate the paper. \n", "IS_META_REVIEW": false, "RECOMMENDATION": 5, "DATE": "20 Dec 2016", "REVIEWER_CONFIDENCE": 3}, {"OTHER_KEYS": "ICLR 2017 conference AnonReviewer3", "TITLE": "review for Efficient Communications in Training Large Scale Neural Networks", "is_meta_review": false, "comments": "This paper analyzes the ring-based AllReduce approach for multi-GPU data parallel training of deep net.\nComments\n1) The name linear pipeline is somewhat confusing to the readers, as the technique is usually referred as ring based approach in Allreduce literature. The author should use the standard name to make the connection easier. \n2) The cost analysis of ring-based Allreduce is already provided in the existing literature. This paper applied the analysis to the case of multi-GPU deep net training, and concluded that the scaling is invariant of number of GPUs.\n3) The ring-based allreduce approach is already supported by NVidia\u2019s NCCL library, although the authors claim that their implementation comes earlier than the NCCL implementation.\n4) The overlap of communication of computation is an already applied technique in systems such as TensorFlow and MXNet. The schedule proposed by the authors exploits the overlap partially, doing backprop of t-1 while doing reduce.  Note that the dependency pattern can be further exploited; with the forward of layer t depend on update of parameter of layer t in last iteration. This can be done by a dependency scheduler.\t\n5) Since this paper is about analysis of Allreduce, it would be nice to include detailed analysis of tree-shape reduction, ring-based approach and all-to-all approach. The discussion of all-to-all approach is missing in the current paper. \nIn summary, this is a paper discussed existing Allreduce techniques for data parallel multi-GPU training of deep net, with cost analysis based on existing results. While I personally find the claimed result not surprising as it follows from existing analysis of Allreduce, the analysis might help some other readers. I view this as a baseline paper. The analysis of Allreduce could also been improved (see comment 5).\n\n\n\n\n\n\n\n\n\n", "IS_META_REVIEW": false, "RECOMMENDATION": 5, "DATE": "16 Dec 2016 (modified: 17 Dec 2016)", "REVIEWER_CONFIDENCE": 5}, {"OTHER_KEYS": "ICLR 2017 conference AnonReviewer1", "TITLE": "Promising approach, but the paper has some problems", "is_meta_review": false, "comments": "The primary point made by this paper is that given certain architectural characteristics of multi-GPU systems, namely the use of bi-directional PCI-E for communication and the integration of two independent DMA engines on recent GPU devices (providing support for simultaneous independent communications), and given the characteristics of the communications patterns required by synchronous SGD trainers for deep neural networks, namely that the messages are large, dense, and have a fixed length, it makes sense to design communication collectives such as broadcast, reduce, and allreduce specifically for the use case of synchronous SGD training on a multi-GPU system.  The paper describes the implementation of these three collectives (broadcast, reduce, and allreduce) using a linear pipelining (LP) scheme on a (logical) ring topology.  The paper compares the LP collectives to two alternatives:  collectives based on a minimal spanning tree (MST) topology and collectives based on bidirectional exchange (BE).  First, a theoretical comparison is made using a standard cost model used in the high performance computing community.  When assumptions based on multi-GPU system architecture (very low latency for messages) and on the communication characteristics of synchronous SGD training (very large messages) are integrated into the model, the paper finds that the LP collectives should be less costly than BE collectives by a factor of 2 and less costly than MST collectives by a factor of log(p), where p is the number of GPUs being used.  Second, an empirical comparison is performed in which (1) the time required to perform each of the different collectives on a 4-device (k40m) system is measured as a function of message size and (2) the time required to perform each of the different collectives with a 200 MB message length is measured as a function of the number of devices in the system.  These measurements show that the LP-based collectives are consistently the fastest.  Third, DNN training experiments with AlexNet and GoogLeNet are performed on a 4-device system using three different synchronous SGD algorithms with the different implementations of the collectives (a total of 6 different algorithms in all).  Measurements of the communication and computation costs show that the LP collectives reduce communication costs without affecting computation costs (as expected).  Measurements of the convergence of the training loss as a function of time for the two DNN architectures show that use of the LP collectives leads to faster training.\n\nWhile the theory says that the costs of LP collectives should be invariant to the number of devices in a multi-GPU system, the empirical work shows that in practice this does not hold going from 4 to 5 devices (in the tested configuration) because in a 5-device system messages must traverse the QPI.  Are there other practical considerations that the authors are aware of that affect the scaling of the LP collectives?  If so, these should be mentioned in the paper.\n\nIn the sentence \"Worringen (2003) proposed a pipeline collective model in shared memory environment for CPU data, but communications of different MPI processes sharing the same CPU memory bus within the same CPU socket.\" I really can't figure out what the words after \"but communications of different MPI processes\" are trying to convey.  This sentence is not comprehensible.\n\n\"Please note the latency term is log p\u03b1, which is the smallest among algorithms in Table.1. Therefore, MST only suits for high frequent short messages.\"  The claim that MST collectives are only suitable for high-frequency, short messages does not follow from the statement that MST collectives have the smallest latency term.  You also need to consider the way the cost scales with message size (the bandwidth term).  If the MST collectives had a better bandwidth term than the other collectives, then they would also be superior for large messages.\n\n\"Let\u2019s take an appropriate block size b to ensure n/b \u226a \u03b1.\"  This looks wrong, since n > b.  Should it be b/n \u226a \u03b1?\n\n\"However, the parameters are not consistent after several iterations due to the precision issues of float multiplications in Gradient Update.\"  Are you sure the inconsistency in weight estimates across devices is due to multiplication?  I would expect that it would be due to gradients being accumulated in different orders; that is, because floating point addition is not commutative.\n\nI recommend replacing the term \"sub-gradients\" in this paper with \"partial gradients.\"  In the optimization literature, the term \"sub-gradient\" has a very specific meaning that differs from this paper's use of the term (see ", "IS_META_REVIEW": false, "RECOMMENDATION": 6, "DATE": "15 Dec 2016", "REVIEWER_CONFIDENCE": 4}, {"TITLE": "The communication is typical ring based allreduce strategy?", "OTHER_KEYS": "ICLR 2017 conference AnonReviewer3", "comments": "", "IS_META_REVIEW": false, "DATE": "01 Dec 2016", "is_meta_review": false}, {"TITLE": "Isn't this really a ring, not a linear pipeline?", "OTHER_KEYS": "ICLR 2017 conference AnonReviewer1", "comments": "", "IS_META_REVIEW": false, "DATE": "28 Nov 2016", "is_meta_review": false}], "SCORE": 6, "authors": "Linnan Wang, Wei Wu, George Bosilca, Richard Vuduc, Zenglin Xu", "KEYWORDS": "Tackle the communications in the parallel training of neural networks", "accepted": false, "id": ""}
