{"conference": "ICLR 2017 conference submission", "title": "SoftTarget Regularization: An Effective Technique to Reduce Over-Fitting in Neural Networks", "abstract": "Deep neural networks are learning models with a very high capacity and therefore prone to over-fitting. Many regularization techniques such as Dropout, DropConnect, and weight decay all attempt to solve the problem of over-fitting by reducing the capacity of their respective models (Srivastava et al., 2014), (Wan et al., 2013), (Krogh & Hertz, 1992). In this paper we introduce a new form of regularization that guides the learning problem in a way that reduces over-fitting without sacrificing the capacity of the model. The mistakes that models make in early stages of training carry information about the learning problem. By adjusting the labels of the current epoch of training through a weighted average of the real labels, and an exponential average of the past soft-targets we achieved a regularization scheme as powerful as Dropout without necessarily reducing the capacity of the model, and simplified the complexity of the learning problem. SoftTarget regularization proved to be an effective tool in various neural network architectures.", "reviews": [{"is_meta_review": true, "comments": "This manuscript tries to tackle neural network regularization by blending the target distribution with predictions of the model itself. In this sense it is similar in spirit to scheduled sampling (Bengio et al) and SEARN (Daume et al) DAgger (Ross et al) which consider a \"roll-in\" mixture of the target and model distributions during training. It was clarified in the pre-review questions that these targets are generated on-line rather than from a lagged distribution, which I think makes the algorithm pseudocode somewhat misleading if I understand it correctly.\n\nThis is an incremental improvement on the idea of label softening/smoothing that has recently been revived, and so the novelty is not that high. The author points out that co-label similarity is better preserved by this method but it doesn't follow that this is causal re: regularization; a natural baseline would be a fixed, soft label distribution, as well as one where the softening/temperature of the label distribution is gradually reduced (as one would expect for this method to do as the model gets closer and closer to reproducing the target distribution).\n\nIt's an interesting and somewhat appealing idea but the case is not clearly made that this is all that useful. The dropout baselines for MNIST seem quite far from results already in the literature (Srivastava et al 2014 achieves 1.06% with a 3x1024 MLP with dropout and a simple max norm constraint; the dropout baselines here fail to break 1.3% which is rather high by contemporary standards on the permutation-invariant task), and results for CIFAR10 are quite far from the current state of the art, making it difficult to judge the contribution in light of other innovations. The largest benchmark considered is SVHN where the reported accuracies are quite bad indeed; SOTA for single net performance has been less than half the reported error rates for 3-4 years now. It's unclear what conclusions can be drawn about how this would help (or even hurt) in a better-tuned setting.\n\nI have remaining reservations about data hygiene, namely reporting minimum test loss/maximum test accuracy rather than an unbiased method for model selection (minimum validation set error, for example). Relatedly, the regularization potential of early stopping on a validation set is not considered. See, e.g. the protocol in Goodfellow et al (2013).", "IS_META_REVIEW": true}, {"TITLE": "ICLR committee final decision", "OTHER_KEYS": "ICLR 2017 pcs", "comments": "The reviewers unanimously recommend rejection.", "IS_META_REVIEW": false, "DATE": "06 Feb 2017", "is_meta_review": false}, {"OTHER_KEYS": "ICLR 2017 conference AnonReviewer2", "TITLE": "Review", "is_meta_review": false, "comments": "The paper introduced a regularization scheme through soft-target that are produced by mixing between the true hard label and the current model prediction. Very similar method was proposed in Section 6 from (Hinton et al. 2016, Distilling the Knowledge in a Neural Network). \n\nPros: \n+ Comprehensive analysis on the co-label similarity.\n\nCons:\n- Weak baselines. I am not sure the authors have found the best hyper-parameters in their experiments. I just trained a 5 layer fully connected MNIST model with 512 hidden units without any regularizer and achieved 0.986 acc. using Adam and He initialization, where the paper reported 0.981 for such architecture. \n- The authors failed to bring the novel idea. It is very similar to (Hinton et al. 2016). This is probably not enough for ICLR.", "IS_META_REVIEW": false, "RECOMMENDATION": 4, "DATE": "20 Dec 2016", "REVIEWER_CONFIDENCE": 5}, {"OTHER_KEYS": "ICLR 2017 conference AnonReviewer3", "TITLE": "the empirical results are not satisfactory", "is_meta_review": false, "comments": "Inspired by the analysis on the effect of the co-label similarity (Hinton et al., 2015), this paper proposes a soft-target regularization that iteratively trains the network using weighted average of the exponential moving average of past labels and hard labels as target argument of loss. They claim that this prevents the disappearing of co-label similarity after early training and  yields a competitive regularization to dropout without sacrificing network capacity.\n\nIn order to make a fair comparison to dropout,  the dropout should be tuned carefully. Showing that it performs better than dropout regularization for some particular values of dropout (Table 2) does not demonstrate a convincing advantage. It is possible that dropout performs better after a reasonable tuning with cross-validation.\n\nThe baseline architectures used in the experiments do not belong the recent state of art methods thus yielding significantly lower accuracy. It seems also that experiment setup does not involve any data augmentation, the results can also change with augmentation. It is not clear why number of epochs are set to a small number like 100 without putting some convergence tests.. Therefore the significance of the method is not convincingly demonstrated in empirical study.\n\nCo-label similarities could be calculated using softmax results at final layer rather than using predicted labels.  The advantage over dropout is not clear in Figure 4, the dropout is set to 0.2 without any cross-validation.  \n\n\nRegularizing by enforcing the training steps to keep co-label similarities is interesting idea but not very novel and the results are not significant.\n\nPros : \n- provides an investigation of regularization on co-label similarity during training\n\nCons:\n-The empirical results do not support the intuitive claims regarding proposed procedure\nIterative version can be unstable in practice\n\n\n", "IS_META_REVIEW": false, "RECOMMENDATION": 3, "DATE": "19 Dec 2016 (modified: 23 Jan 2017)", "REVIEWER_CONFIDENCE": 5}, {"OTHER_KEYS": "ICLR 2017 conference AnonReviewer1", "TITLE": "An interesting approach, but I'm unconvinced.", "is_meta_review": false, "comments": "This manuscript tries to tackle neural network regularization by blending the target distribution with predictions of the model itself. In this sense it is similar in spirit to scheduled sampling (Bengio et al) and SEARN (Daume et al) DAgger (Ross et al) which consider a \"roll-in\" mixture of the target and model distributions during training. It was clarified in the pre-review questions that these targets are generated on-line rather than from a lagged distribution, which I think makes the algorithm pseudocode somewhat misleading if I understand it correctly.\n\nThis is an incremental improvement on the idea of label softening/smoothing that has recently been revived, and so the novelty is not that high. The author points out that co-label similarity is better preserved by this method but it doesn't follow that this is causal re: regularization; a natural baseline would be a fixed, soft label distribution, as well as one where the softening/temperature of the label distribution is gradually reduced (as one would expect for this method to do as the model gets closer and closer to reproducing the target distribution).\n\nIt's an interesting and somewhat appealing idea but the case is not clearly made that this is all that useful. The dropout baselines for MNIST seem quite far from results already in the literature (Srivastava et al 2014 achieves 1.06% with a 3x1024 MLP with dropout and a simple max norm constraint; the dropout baselines here fail to break 1.3% which is rather high by contemporary standards on the permutation-invariant task), and results for CIFAR10 are quite far from the current state of the art, making it difficult to judge the contribution in light of other innovations. The largest benchmark considered is SVHN where the reported accuracies are quite bad indeed; SOTA for single net performance has been less than half the reported error rates for 3-4 years now. It's unclear what conclusions can be drawn about how this would help (or even hurt) in a better-tuned setting.\n\nI have remaining reservations about data hygiene, namely reporting minimum test loss/maximum test accuracy rather than an unbiased method for model selection (minimum validation set error, for example). Relatedly, the regularization potential of early stopping on a validation set is not considered. See, e.g. the protocol in Goodfellow et al (2013).", "IS_META_REVIEW": false, "RECOMMENDATION": 4, "DATE": "15 Dec 2016", "REVIEWER_CONFIDENCE": 5}, {"TITLE": "Comparison with the simple weight decay?", "OTHER_KEYS": "ICLR 2017 conference AnonReviewer2", "comments": "", "IS_META_REVIEW": false, "DATE": "02 Dec 2016", "is_meta_review": false}, {"TITLE": "Modeling and setup", "OTHER_KEYS": "ICLR 2017 conference AnonReviewer3", "comments": "\n- You definitely need to report misclassification error results on test data for obvious reasons related to losses and final test misclassification error. Currently comparisons are not conclusive.\n\n-  Can you explain better the reason for using the particular updates in (3) and (4) better? Why don't you do for example totally corrective update, e.g. take convex combination of all \\cal{F}'s (or some portion) up to current iteration in (3)? Therefore \\beta and \\gamma should be tuned reasonably well to see whether (3) and (4) is really helping or not and the range for cross validation should be reported.\n\n- The reason to set n_t n_b is not satisfactory.  It is crucial to cross-validate such parameters. Isn't  n_t = {1,2} unreasonably small number that can cause unstable results? why all n_b and n_t are equal?Are there results on other n_b and n_t's that were tried?\n\n- It is stated that colabel similarities disappear when network starts to overfit. However distillation ( Hinton et.al. ,2015 ) captures colabel similarities after training a model and using distillation. This method seems an iterative extension of distillation without using a bigger teacher model. Does proposed method gives better results then a two step version of distillation ?  \n\n- How do you tune \\lambda for weight decay? \n\n- From paper: \"We considered a frozen set of hyper-parameters for the SoftTarget regularization to show that SoftTarget regularization can still work without a having to conduct a large grid search\". This argument is not valid in ML, maybe if you did a reasonable search, you would get worse results (since you should not look test error until you finish the cross-validation).   Why a common hyper parameter tuning procedure is not used e.g. random search (Bergstra and Bengio, JMLR 2012) or Bayesian optimization (Snoek et al ,NIPS 2012) ?  Setting the hyper parameters to some numbers without searching a range or set can dramatically ruin fair comparison. ", "IS_META_REVIEW": false, "DATE": "02 Dec 2016", "is_meta_review": false}, {"TITLE": "Computational feasibility and comparisons", "OTHER_KEYS": "ICLR 2017 conference AnonReviewer1", "comments": "", "IS_META_REVIEW": false, "DATE": "01 Dec 2016", "is_meta_review": false}], "SCORE": 4, "authors": "Armen Aghajanyan", "accepted": false, "id": ""}
