{"conference": "ICLR 2017 conference submission", "title": "Surprisal-Driven Feedback in Recurrent Networks", "abstract": "Recurrent neural nets are widely used for predicting temporal data. Their inherent deep feedforward structure allows learning complex sequential patterns. It is believed that top-down feedback might be an important missing ingredient which in theory could help disambiguate similar patterns depending on broader context. In this paper, we introduce surprisal-driven recurrent networks, which take into account past error information when making new predictions. This is achieved by continuously monitoring the discrepancy between most recent predictions and the actual observations. Furthermore, we show that it outperforms other stochastic and fully deterministic approaches on enwik8 character level prediction task achieving 1.37 BPC.", "reviews": [{"is_meta_review": true, "comments": "This paper proposes to leverage \"surprisal\" as top-down signal in RNN. More specifically author uses the error corresponding to the previous prediction as an extra input at the current timestep in a LSTM.\n\nThe general idea of suprising-driven feedback is interesting for online prediction task. It is a simple enough idea that seems to bring some significant improvements. However, the paper in its current form has some important flaws.\n\n- Overall, the paper writing could be improved. In particular, section 2.4 and 2.5 is composed mostly by the equations of the forward and backward propagation of feedback RNN and feedback LSTM. However, author provides no analysis along with those equations. It is therefore not clear what insight the author tries to express in those sections. In addition, feedback RNN is not evaluated in the experimental section, so it is not clear why feedback RNN is described.\n\n- The experimental evaluation is limited. Only one dataset enwik8 is explored. I think it is necessary to try the idea on different datasets to see if feedback LSTM sees some consistent improvements.\nAlso, author claims state-of-art on enwik8, but hypernetwork, already cited in the paper, achieves better results (1.34 BPC, table 4 in the hypernetworks paper).\n\n- Author only compares to methods that do not use last prediction error as extra signal. I would argue that a comparison with dynamic evaluation would be more fair. \n Feedback LSTM uses prediction error as extra input in the forward prop, while dynamic evaluation  backprop it through the network and change the weight accordingly. Also they don't propagate the prediction error in the same way, they both leverage \"extra\" supervised information through the prediction errors.\n\n\nIn summary:\nPros: \n- Interesting idea\n- Seems to improve performances\n\nCons:\n- Paper writing\n- Weak evaluation (only one dataset)\n- Compare only with approaches that does not use the last-timestep error signal", "IS_META_REVIEW": true}, {"TITLE": "ICLR committee final decision", "OTHER_KEYS": "ICLR 2017 pcs", "comments": "Based on the feedback, I'm going to be rejecting the paper on the following grounds:\n 1. Results are not SOTA as reported.\n 2. No real experiments other than cursory experiments on Hutter prize data.\n 2. Writing is very poor.\n \n However, just for playing devil's advocate, to the reviewers, I would like to point out that I am in agreement with the author that dynamic evaluation is not equivalent to this method. The weights are not changed in this model, as far as I can see, for the test set. Surprisal is just an extra input to the model. I think the reviewers were puzzled by the fact that at test time, the actual sequence needs to be known. While this may be problematic for generative modeling, I do not see why this would be a problem for language modeling, where the goal of the model is only to provide a log prob to evaluate how good a sequence of text is. Long before language modeling started being used to generate text, this was the main reason to use it - in speech recognition, spelling correction etc..", "IS_META_REVIEW": false, "DATE": "06 Feb 2017", "is_meta_review": false}, {"OTHER_KEYS": "ICLR 2017 conference AnonReviewer2", "TITLE": "Badly Written", "is_meta_review": false, "comments": "Summary:\nThis paper proposes to use surprisal-driven feedback for training recurrent neural networks where they feedback the next-step prediction error of the network as an input to the network. Authors have shown a result on language modeling tasks.\n\nContributions:\nThe introduction of surprisal-driven feedback, which is just the feedback from the errors of the model from the previous time-steps.\n\nQuestions:\nA point which is not fully clear from the paper is whether if you have used the ground-truth labels on the test set for the surprisal feedback part of the model? I assume that authors do that since they claim that they use the misprediction error as additional input.\n\nCriticisms:\nThe paper is really badly written, authors should rethink the organization of the paper.\nMost of the equations presented in the paper, about BPTT are not necessary for the main-text and could be moved to Appendix. \nThe justification is not convincing enough.\nExperimental results are lacking, only results on a single dataset are provided.\nAlthough the authors claim that they got SOTA on enwiki8, there are other papers such as the HyperNetworks that got better results (1.34) than the result they achieve. This claim is wrong.\nThe model requires the ground-truth labels for the test-set, however, this assumption really limits the application of this technique to a very limited set of applications(more or less rules out most conditional language modeling tasks).\n\nHigh-level Review:\n    Pros: \n        - A simple modification of the model that seems to improve the results and it is an interesting modification.\n\n    Cons:\n       - The authors need to use test-set labels.\n       - Writing of the paper is bad.\n       - The authors assume that they have access to the ground-truth labels during the test-set.\n       - Experimental results are lacking", "IS_META_REVIEW": false, "RECOMMENDATION": 4, "DATE": "20 Dec 2016", "REVIEWER_CONFIDENCE": 4}, {"OTHER_KEYS": "ICLR 2017 conference AnonReviewer3", "TITLE": "Misleading", "is_meta_review": false, "comments": "This paper proposes to use previous error signal of the output layer as an additional input to recurrent update function in order to enhance the modelling power of a dynamic system such as RNNs. \n\n-This paper makes an  erroneous assumption: test label information is not given in most of the real world applications, except few applications. This means that the language modelling task, which is the only experiment of this paper, may not be the right task to test this approach. Also, comparing against the models that do not use test error signal at inference time is unfair. We cannot just say that the test label information is being observed, this only holds in online-prediction problems.\n\n-The experiment is only conducted on one dataset, reporting state-of-the-art result, but unfortunately this is not true. There are already more than four papers reporting better numbers than the one reported in this task, however the author did not cite them. I understand that this paper came before the other papers, but the manuscript should be updated before the final decision.\n\n-The model size is still missing and without this information, it is hard to judge the contribution of the proposed trick.\n", "IS_META_REVIEW": false, "RECOMMENDATION": 3, "DATE": "17 Dec 2016 (modified: 20 Dec 2016)", "REVIEWER_CONFIDENCE": 5}, {"OTHER_KEYS": "ICLR 2017 conference AnonReviewer1", "TITLE": "Need some revisions", "is_meta_review": false, "comments": "\nThis paper proposes to leverage \"surprisal\" as top-down signal in RNN. More specifically author uses the error corresponding to the previous prediction as an extra input at the current timestep in a LSTM.\n\nThe general idea of suprising-driven feedback is interesting for online prediction task. It is a simple enough idea that seems to bring some significant improvements. However, the paper in its current form has some important flaws.\n\n- Overall, the paper writing could be improved. In particular, section 2.4 and 2.5 is composed mostly by the equations of the forward and backward propagation of feedback RNN and feedback LSTM. However, author provides no analysis along with those equations. It is therefore not clear what insight the author tries to express in those sections. In addition, feedback RNN is not evaluated in the experimental section, so it is not clear why feedback RNN is described.\n\n- The experimental evaluation is limited. Only one dataset enwik8 is explored. I think it is necessary to try the idea on different datasets to see if feedback LSTM sees some consistent improvements.\nAlso, author claims state-of-art on enwik8, but hypernetwork, already cited in the paper, achieves better results (1.34 BPC, table 4 in the hypernetworks paper).\n\n- Author only compares to methods that do not use last prediction error as extra signal. I would argue that a comparison with dynamic evaluation would be more fair. \n Feedback LSTM uses prediction error as extra input in the forward prop, while dynamic evaluation  backprop it through the network and change the weight accordingly. Also they don't propagate the prediction error in the same way, they both leverage \"extra\" supervised information through the prediction errors.\n\n\nIn summary:\nPros: \n- Interesting idea\n- Seems to improve performances\n\nCons:\n- Paper writing\n- Weak evaluation (only one dataset)\n- Compare only with approaches that does not use the last-timestep error signal", "IS_META_REVIEW": false, "RECOMMENDATION": 3, "DATE": "16 Dec 2016", "REVIEWER_CONFIDENCE": 5}, {"TITLE": "Source Code (C++/CUDA) for reproducing the results", "OTHER_KEYS": "Kamil M Rocki", "comments": "Source Code (C++/CUDA) for reproducing the results\n\n", "IS_META_REVIEW": false, "DATE": "13 Dec 2016", "is_meta_review": false}, {"TITLE": "Model size?", "OTHER_KEYS": "ICLR 2017 conference AnonReviewer3", "comments": "", "IS_META_REVIEW": false, "DATE": "04 Dec 2016", "is_meta_review": false}, {"TITLE": "Few Questions", "OTHER_KEYS": "ICLR 2017 conference AnonReviewer2", "comments": "", "IS_META_REVIEW": false, "DATE": "03 Dec 2016", "is_meta_review": false}, {"TITLE": "Pre reviews question", "OTHER_KEYS": "ICLR 2017 conference AnonReviewer1", "comments": "", "IS_META_REVIEW": false, "DATE": "02 Dec 2016", "is_meta_review": false}], "SCORE": 3, "authors": "Kamil Rocki", "KEYWORDS": "In this paper, we add surprisal as additional input to RNN , which take into account past error information when making new predictions. We extend SOTA on character-level language modelling, achieving 1.37 bits/char on wikipedia dataset.", "accepted": false, "id": ""}
