{"conference": "ICLR 2017 conference submission", "title": "Deep Variational Information Bottleneck", "abstract": "We present a variational approximation to the information bottleneck of Tishby et al. (1999). This variational approach allows us to parameterize the information bottleneck model using a neural network and leverage the reparameterization trick for efficient training. We call this method \u201cDeep Variational Information Bottleneck\u201d, or Deep VIB. We show that models trained with the VIB objective outperform those that are trained with other forms of regularization, in terms of generalization performance and robustness to adversarial attack.", "reviews": [{"is_meta_review": true, "comments": "Thank you for an interesting read. I personally like the information bottleneck principle and am very happy to see its application to deep neural networks. To my knowledge, this is the first paper that applies IB to train deep networks (the original papers only presented the concept), but see below for the note of independent work claim. \n\nThe derivation of the variational lowerbound is very clear, even for those who are not very familiar with variational inference. Also the explanation of the IB principle is clear. Experimental results seem to be very promising.\n\nI found the presentation for the model a bit confusing. In variational inference/information maximisation, p usually denotes the model and q represents the \"inference engine\". This means the choice of inference method is independent to the modelling procedure. However the presented VIB assumed p(x, y) as the **underlying data distribution** (and approximated by the empirical distribution), thus here the model is actually q(y|z)p(z|x). Then the authors presented p(y|x) as the **predictive distribution** in page 8, paragraph 2 of section 4.2.3. Predictive in what sense? I guess you meant p(y|x) = \\int q(y|z) p(z|x) dz in this case, but this makes the two definitions contradict to each other!\n\nThe authors have made an interesting connection to variational auto-encoder and the warm-up training (by tuning beta). However, even when the loss function formula is the same to the variational lowerbound used in VAE (in this case beta = 1), the underlying model is different! For example, r(z) in VIB is the variational approximation to p(z) (which means r(z) is not a component in the model), while in VAE it is the prior distribution which is actually defined in the modelling procedure. Similaly p(z|x) in VIB is included in the model, while in VAE that is the approximate posterior and can be independently chosen (e.g. you can use p(x|z) as a deep NN but p(z|x) as a deep NN or a Gaussian process).\n\nIn summary, I think the presentation for the modelling procedure is unclear. I hope these point would be made clearer in revision since the current presentation makes me uncomfortable as a Bayesian person. In the VAE part, it's better to clearly mention the difference between VIB and VAE, and provide some intuitions if the VIB interpretation is preferred.\n\n\nTypos:\nEq. 9-11: did you mean q(y|z) instead of q(z|y)?\nFig 2 \"as beta becomes smaller\": did you mean \"larger\"?\n\n**claim for independent work**\nThe authors claimed that the manuscript presented an independent work to Chalk et al. 2016 which is online since May 2016. It seems to me that nowadays deep learning research is very competitve that many people publish the same idea at the same time. So I would trust this claim and commend the authors' honesty, but in case this is not true, I would not recommend the manuscript for acceptance.", "IS_META_REVIEW": true}, {"TITLE": "ICLR committee final decision", "OTHER_KEYS": "ICLR 2017 pcs", "comments": "This paper discussses applying an information bottleneck to deep networks using a variational lower bound and reparameterization trick. The paper is well written and the examples are compelling. The paper can be improved with more convincing results on MNIST.", "IS_META_REVIEW": false, "DATE": "06 Feb 2017", "is_meta_review": false}, {"OTHER_KEYS": "ICLR 2017 conference AnonReviewer4", "TITLE": "Review", "is_meta_review": false, "comments": "Update: raised the score, because I think the arguments about adversarial examples are compelling.  I think that the paper convincingly proves that this method acts as a decent regularizer, but I'm not convinced that it's a competitive regularizer.  For example, I don't believe that there is sufficient evidence that it gives a better regularizer than dropout/normalization/etc.  I also think that it will be much harder to tune than these other methods (discussed in my rebuttal reply).  \n\n----\n\nSummary: If I understand correctly, this paper proposes to take the \"bottleneck\" term from variational autoencoders which pulls the latent variable towards a noise prior (like N(0,1)) and apply it in a supervised learning context where the reconstruction term log(p(x|z)) is replaced with the usual supervised cross-entropy objective.  \n\nThe argument is that this is an effective regularizer and increases robustness to adversarial attacks.  \n\nPros: \n\n-The presentation is quite good and the paper is easy to follow.  \n\n-The idea is reasonable and the relationship to previous work is well described.  \n\n-The robustness to adversarial examples experiment seems convincing, though I'm not an expert in this area.  Is there any way to compare to an external quantitative baseline on robustness to adversarial examples?  This would help a lot, since I'm not sure how the method here compares with other regularizers in terms of combatting adversarial examples.  For example, if one uses a very high dropout rate, does this confer a comparable robustness to adversarial examples (perhaps at the expense of accuracy)?  \n\nCons: \n\n-MNIST accuracy results don't seem very strong, unless I'm missing something.  The Maxout paper from ICML 2013 listed many permutation invariant MNIST results with error rates below 1%.  So the 1.13% error rate listed here doesn't necessarily prove that the method is a competitive regularizer.  I also suspect that tuning this method to make it work well is harder than other regularizers like dropout.  \n\n-There are many distinct architectural choices with this method, particularly in how many hidden layers come before and after z.  For example, the output could directly follow z, or there could be several layers between z and the output.  As far as I can tell the paper says that p(y | z) is a simple logistic regression (i.e. one weight matrix followed by softmax), but it's not obvious why this choice was made.  Did it work best empirically?  \n\nOther: \n\n-I wonder what would happen if you \"trained against\" the discovered adversarial examples while also using the method from this paper.  Would it learn to have a higher variance p(z | x) when presented with an adversarial example?  ", "IS_META_REVIEW": false, "RECOMMENDATION": 7, "DATE": "17 Dec 2016 (modified: 21 Jan 2017)", "REVIEWER_CONFIDENCE": 4}, {"OTHER_KEYS": "ICLR 2017 conference AnonReviewer1", "TITLE": "Great idea, lacking empirical section", "is_meta_review": false, "comments": "Summary:\nThe paper \u201cDeep Variational Information Bottleneck\u201d explores the optimization of neural networks for variational approximations of the information bottleneck (IB; Tishby et al., 1999). On the example of MNIST, the authors show that this may be used for regularization or to improve robustness against adversarial attacks.\n\nReview:\nThe IB is potentially very useful for important applications (regularization, adversarial robustness, and privacy are mentioned in the paper). Combining the IB with recent advances in deep learning to make it more widely applicable is an excellent idea. But given that the theoretical contribution is a fairly straight-forward application of well-known ideas, I would have liked to see a stronger experimental section.\n\nSince the proposed approach allows us to scale IB, a better demonstration of this would have been on a larger problem than MNIST. It is also not clear whether the proposed approach will still work well to regularize more interesting networks with many layers.\n\nWhy is dropout not included in the quantitative comparison of robustness to adversarial examples (Figure 4)?\n\nHow was the number of samples (12) chosen?\n\nWhat are the error bars in Figure 1 (a)?\n\nOn page 7 the authors claim \u201cthe posterior covariance becomes larger\u201d as beta \u201cdecreases\u201d (increases?). Is this really the case? It\u2019s hard to judge based on Figure 1, since the figures are differently scaled.\n\nIt might be worth comparing to variational fair autoencoders (Louizos et al., 2016), which also try to learn representations minimizing the information shared with an aspect of the input.\n\nThe paper is well written and easy to follow.", "IS_META_REVIEW": false, "RECOMMENDATION": 6, "DATE": "16 Dec 2016", "REVIEWER_CONFIDENCE": 4}, {"OTHER_KEYS": "ICLR 2017 conference AnonReviewer3", "TITLE": "A paper with interesting methods, but the presentation is a bit confusing", "is_meta_review": false, "comments": "Thank you for an interesting read. I personally like the information bottleneck principle and am very happy to see its application to deep neural networks. To my knowledge, this is the first paper that applies IB to train deep networks (the original papers only presented the concept), but see below for the note of independent work claim. \n\nThe derivation of the variational lowerbound is very clear, even for those who are not very familiar with variational inference. Also the explanation of the IB principle is clear. Experimental results seem to be very promising.\n\nI found the presentation for the model a bit confusing. In variational inference/information maximisation, p usually denotes the model and q represents the \"inference engine\". This means the choice of inference method is independent to the modelling procedure. However the presented VIB assumed p(x, y) as the **underlying data distribution** (and approximated by the empirical distribution), thus here the model is actually q(y|z)p(z|x). Then the authors presented p(y|x) as the **predictive distribution** in page 8, paragraph 2 of section 4.2.3. Predictive in what sense? I guess you meant p(y|x) = \\int q(y|z) p(z|x) dz in this case, but this makes the two definitions contradict to each other!\n\nThe authors have made an interesting connection to variational auto-encoder and the warm-up training (by tuning beta). However, even when the loss function formula is the same to the variational lowerbound used in VAE (in this case beta = 1), the underlying model is different! For example, r(z) in VIB is the variational approximation to p(z) (which means r(z) is not a component in the model), while in VAE it is the prior distribution which is actually defined in the modelling procedure. Similaly p(z|x) in VIB is included in the model, while in VAE that is the approximate posterior and can be independently chosen (e.g. you can use p(x|z) as a deep NN but p(z|x) as a deep NN or a Gaussian process).\n\nIn summary, I think the presentation for the modelling procedure is unclear. I hope these point would be made clearer in revision since the current presentation makes me uncomfortable as a Bayesian person. In the VAE part, it's better to clearly mention the difference between VIB and VAE, and provide some intuitions if the VIB interpretation is preferred.\n\n\nTypos:\nEq. 9-11: did you mean q(y|z) instead of q(z|y)?\nFig 2 \"as beta becomes smaller\": did you mean \"larger\"?\n\n**claim for independent work**\nThe authors claimed that the manuscript presented an independent work to Chalk et al. 2016 which is online since May 2016. It seems to me that nowadays deep learning research is very competitve that many people publish the same idea at the same time. So I would trust this claim and commend the authors' honesty, but in case this is not true, I would not recommend the manuscript for acceptance.", "IS_META_REVIEW": false, "RECOMMENDATION": 6, "DATE": "14 Dec 2016", "REVIEWER_CONFIDENCE": 3}, {"TITLE": "connection to variational CCA", "OTHER_KEYS": "Weiran Wang", "comments": "This is an interesting paper. \n\nIt is known that IB for Gaussian variables is equivalent to CCA in certain sense\nGal Chechik and Amir Globerson and Naftali Tishby and Yair Weiss. Information Bottleneck for Gaussian variables. JMLR 2005.\n\nAnd although the motivations and approximations used are somewhat different, DVIB and our deep variational CCA paper (also in submission to ICLR, ", "IS_META_REVIEW": false, "DATE": "02 Dec 2016", "is_meta_review": false}, {"TITLE": "Optimal beta", "OTHER_KEYS": "ICLR 2017 conference AnonReviewer1", "comments": "", "IS_META_REVIEW": false, "DATE": "02 Dec 2016", "is_meta_review": false}, {"TITLE": "Adversarial example", "OTHER_KEYS": "ICLR 2017 conference AnonReviewer3", "comments": "", "IS_META_REVIEW": false, "DATE": "26 Nov 2016", "is_meta_review": false}], "SCORE": 6, "authors": "Alexander A. Alemi, Ian Fischer, Joshua V. Dillon, Kevin Murphy", "KEYWORDS": "Applying the information bottleneck to deep networks using the variational lower bound and reparameterization trick.", "accepted": true, "id": ""}
